ProductKey,Product,Subcategory,Category,Model,Cost ,Color,Price
210,"HL Road Frame - Black, 58",Road Frames,Components,HL Road Frame,868.63,Black,NULL
211,"HL Road Frame - Red, 58",Road Frames,Components,HL Road Frame,868.63,Red,NULL
212,"Sport-100 Helmet, Red",Helmets,Accessories,Sport-100,12.03,Red,33.64
213,"Sport-100 Helmet, Red",Helmets,Accessories,Sport-100,13.88,Red,33.64
214,"Sport-100 Helmet, Red",Helmets,Accessories,Sport-100,13.09,Red,34.99
215,"Sport-100 Helmet, Black",Helmets,Accessories,Sport-100,12.03,Black,33.64
216,"Sport-100 Helmet, Black",Helmets,Accessories,Sport-100,13.88,Black,33.64
217,"Sport-100 Helmet, Black",Helmets,Accessories,Sport-100,13.09,Black,34.99
218,"Mountain Bike Socks, M",Socks,Clothing,Mountain Bike Socks,3.40,White,9.50
219,"Mountain Bike Socks, L",Socks,Clothing,Mountain Bike Socks,3.40,White,9.50
220,"Sport-100 Helmet, Blue",Helmets,Accessories,Sport-100,12.03,Blue,33.64
221,"Sport-100 Helmet, Blue",Helmets,Accessories,Sport-100,13.88,Blue,33.64
222,"Sport-100 Helmet, Blue",Helmets,Accessories,Sport-100,13.09,Blue,34.99
223,AWC Logo Cap,Caps,Clothing,Cycling Cap,5.71,Multi,8.64
224,AWC Logo Cap,Caps,Clothing,Cycling Cap,5.23,Multi,8.64
225,AWC Logo Cap,Caps,Clothing,Cycling Cap,6.92,Multi,8.99
226,"Long-Sleeve Logo Jersey, S",Jerseys,Clothing,Long-Sleeve Logo Jersey,31.72,Multi,48.07
227,"Long-Sleeve Logo Jersey, S",Jerseys,Clothing,Long-Sleeve Logo Jersey,29.08,Multi,48.07
228,"Long-Sleeve Logo Jersey, S",Jerseys,Clothing,Long-Sleeve Logo Jersey,38.49,Multi,49.99
229,"Long-Sleeve Logo Jersey, M",Jerseys,Clothing,Long-Sleeve Logo Jersey,31.72,Multi,48.07
230,"Long-Sleeve Logo Jersey, M",Jerseys,Clothing,Long-Sleeve Logo Jersey,29.08,Multi,48.07
231,"Long-Sleeve Logo Jersey, M",Jerseys,Clothing,Long-Sleeve Logo Jersey,38.49,Multi,49.99
232,"Long-Sleeve Logo Jersey, L",Jerseys,Clothing,Long-Sleeve Logo Jersey,31.72,Multi,48.07
233,"Long-Sleeve Logo Jersey, L",Jerseys,Clothing,Long-Sleeve Logo Jersey,29.08,Multi,48.07
234,"Long-Sleeve Logo Jersey, L",Jerseys,Clothing,Long-Sleeve Logo Jersey,38.49,Multi,49.99
235,"Long-Sleeve Logo Jersey, XL",Jerseys,Clothing,Long-Sleeve Logo Jersey,31.72,Multi,48.07
236,"Long-Sleeve Logo Jersey, XL",Jerseys,Clothing,Long-Sleeve Logo Jersey,29.08,Multi,48.07
237,"Long-Sleeve Logo Jersey, XL",Jerseys,Clothing,Long-Sleeve Logo Jersey,38.49,Multi,49.99
238,"HL Road Frame - Red, 62",Road Frames,Components,HL Road Frame,747.97,Red,1263.46
239,"HL Road Frame - Red, 62",Road Frames,Components,HL Road Frame,722.26,Red,1301.36
240,"HL Road Frame - Red, 62",Road Frames,Components,HL Road Frame,868.63,Red,1431.50
241,"HL Road Frame - Red, 44",Road Frames,Components,HL Road Frame,747.97,Red,1263.46
242,"HL Road Frame - Red, 44",Road Frames,Components,HL Road Frame,722.26,Red,1301.36
243,"HL Road Frame - Red, 44",Road Frames,Components,HL Road Frame,868.63,Red,1431.50
244,"HL Road Frame - Red, 48",Road Frames,Components,HL Road Frame,747.97,Red,1263.46
245,"HL Road Frame - Red, 48",Road Frames,Components,HL Road Frame,722.26,Red,1301.36
246,"HL Road Frame - Red, 48",Road Frames,Components,HL Road Frame,868.63,Red,1431.50
247,"HL Road Frame - Red, 52",Road Frames,Components,HL Road Frame,747.97,Red,1263.46
248,"HL Road Frame - Red, 52",Road Frames,Components,HL Road Frame,722.26,Red,1301.36
249,"HL Road Frame - Red, 52",Road Frames,Components,HL Road Frame,868.63,Red,1431.50
250,"HL Road Frame - Red, 56",Road Frames,Components,HL Road Frame,747.97,Red,1263.46
251,"HL Road Frame - Red, 56",Road Frames,Components,HL Road Frame,722.26,Red,1301.36
252,"HL Road Frame - Red, 56",Road Frames,Components,HL Road Frame,868.63,Red,1431.50
253,"LL Road Frame - Black, 58",Road Frames,Components,LL Road Frame,176.20,Black,297.63
254,"LL Road Frame - Black, 58",Road Frames,Components,LL Road Frame,170.14,Black,306.56
255,"LL Road Frame - Black, 58",Road Frames,Components,LL Road Frame,204.63,Black,337.22
256,"LL Road Frame - Black, 60",Road Frames,Components,LL Road Frame,176.20,Black,297.63
257,"LL Road Frame - Black, 60",Road Frames,Components,LL Road Frame,170.14,Black,306.56
258,"LL Road Frame - Black, 60",Road Frames,Components,LL Road Frame,204.63,Black,337.22
259,"LL Road Frame - Black, 62",Road Frames,Components,LL Road Frame,176.20,Black,297.63
260,"LL Road Frame - Black, 62",Road Frames,Components,LL Road Frame,170.14,Black,306.56
261,"LL Road Frame - Black, 62",Road Frames,Components,LL Road Frame,204.63,Black,337.22
262,"LL Road Frame - Red, 44",Road Frames,Components,LL Road Frame,181.49,Red,306.56
263,"LL Road Frame - Red, 44",Road Frames,Components,LL Road Frame,187.16,Red,337.22
264,"LL Road Frame - Red, 48",Road Frames,Components,LL Road Frame,181.49,Red,306.56
265,"LL Road Frame - Red, 48",Road Frames,Components,LL Road Frame,187.16,Red,337.22
266,"LL Road Frame - Red, 52",Road Frames,Components,LL Road Frame,181.49,Red,306.56
267,"LL Road Frame - Red, 52",Road Frames,Components,LL Road Frame,187.16,Red,337.22
268,"LL Road Frame - Red, 58",Road Frames,Components,LL Road Frame,181.49,Red,306.56
269,"LL Road Frame - Red, 58",Road Frames,Components,LL Road Frame,187.16,Red,337.22
270,"LL Road Frame - Red, 60",Road Frames,Components,LL Road Frame,181.49,Red,306.56
271,"LL Road Frame - Red, 60",Road Frames,Components,LL Road Frame,187.16,Red,337.22
272,"LL Road Frame - Red, 62",Road Frames,Components,LL Road Frame,181.49,Red,306.56
273,"LL Road Frame - Red, 62",Road Frames,Components,LL Road Frame,187.16,Red,337.22
274,"ML Road Frame - Red, 44",Road Frames,Components,ML Road Frame,352.14,Red,594.83
275,"ML Road Frame - Red, 48",Road Frames,Components,ML Road Frame,352.14,Red,594.83
276,"ML Road Frame - Red, 52",Road Frames,Components,ML Road Frame,352.14,Red,594.83
277,"ML Road Frame - Red, 58",Road Frames,Components,ML Road Frame,352.14,Red,594.83
278,"ML Road Frame - Red, 60",Road Frames,Components,ML Road Frame,352.14,Red,594.83
279,"LL Road Frame - Black, 44",Road Frames,Components,LL Road Frame,176.20,Black,297.63
280,"LL Road Frame - Black, 44",Road Frames,Components,LL Road Frame,170.14,Black,306.56
281,"LL Road Frame - Black, 44",Road Frames,Components,LL Road Frame,204.63,Black,337.22
282,"LL Road Frame - Black, 48",Road Frames,Components,LL Road Frame,176.20,Black,297.63
283,"LL Road Frame - Black, 48",Road Frames,Components,LL Road Frame,170.14,Black,306.56
284,"LL Road Frame - Black, 48",Road Frames,Components,LL Road Frame,204.63,Black,337.22
285,"LL Road Frame - Black, 52",Road Frames,Components,LL Road Frame,176.20,Black,297.63
286,"LL Road Frame - Black, 52",Road Frames,Components,LL Road Frame,170.14,Black,306.56
287,"LL Road Frame - Black, 52",Road Frames,Components,LL Road Frame,204.63,Black,337.22
288,"HL Mountain Frame - Silver, 42",Mountain Frames,Components,HL Mountain Frame,623.84,Silver,1204.32
289,"HL Mountain Frame - Silver, 42",Mountain Frames,Components,HL Mountain Frame,660.91,Silver,1240.45
290,"HL Mountain Frame - Silver, 42",Mountain Frames,Components,HL Mountain Frame,747.20,Silver,1364.50
291,"HL Mountain Frame - Silver, 44",Mountain Frames,Components,HL Mountain Frame,706.81,Silver,1364.50
292,"HL Mountain Frame - Silver, 48",Mountain Frames,Components,HL Mountain Frame,706.81,Silver,1364.50
293,"HL Mountain Frame - Silver, 46",Mountain Frames,Components,HL Mountain Frame,623.84,Silver,1204.32
294,"HL Mountain Frame - Silver, 46",Mountain Frames,Components,HL Mountain Frame,660.91,Silver,1240.45
295,"HL Mountain Frame - Silver, 46",Mountain Frames,Components,HL Mountain Frame,747.20,Silver,1364.50
296,"HL Mountain Frame - Black, 42",Mountain Frames,Components,HL Mountain Frame,617.03,Black,1191.17
297,"HL Mountain Frame - Black, 42",Mountain Frames,Components,HL Mountain Frame,653.70,Black,1226.91
298,"HL Mountain Frame - Black, 42",Mountain Frames,Components,HL Mountain Frame,739.04,Black,1349.60
299,"HL Mountain Frame - Black, 44",Mountain Frames,Components,HL Mountain Frame,699.09,Black,1349.60
300,"HL Mountain Frame - Black, 48",Mountain Frames,Components,HL Mountain Frame,699.09,Black,1349.60
301,"HL Mountain Frame - Black, 46",Mountain Frames,Components,HL Mountain Frame,617.03,Black,1191.17
302,"HL Mountain Frame - Black, 46",Mountain Frames,Components,HL Mountain Frame,653.70,Black,1226.91
303,"HL Mountain Frame - Black, 46",Mountain Frames,Components,HL Mountain Frame,739.04,Black,1349.60
304,"HL Mountain Frame - Black, 38",Mountain Frames,Components,HL Mountain Frame,617.03,Black,1191.17
305,"HL Mountain Frame - Black, 38",Mountain Frames,Components,HL Mountain Frame,653.70,Black,1226.91
306,"HL Mountain Frame - Black, 38",Mountain Frames,Components,HL Mountain Frame,739.04,Black,1349.60
307,"HL Mountain Frame - Silver, 38",Mountain Frames,Components,HL Mountain Frame,623.84,Silver,1204.32
308,"HL Mountain Frame - Silver, 38",Mountain Frames,Components,HL Mountain Frame,660.91,Silver,1240.45
309,"HL Mountain Frame - Silver, 38",Mountain Frames,Components,HL Mountain Frame,747.20,Silver,1364.50
310,"Road-150 Red, 62",Road Bikes,Bikes,Road-150,2171.29,Red,3578.27
311,"Road-150 Red, 44",Road Bikes,Bikes,Road-150,2171.29,Red,3578.27
312,"Road-150 Red, 48",Road Bikes,Bikes,Road-150,2171.29,Red,3578.27
313,"Road-150 Red, 52",Road Bikes,Bikes,Road-150,2171.29,Red,3578.27
314,"Road-150 Red, 56",Road Bikes,Bikes,Road-150,2171.29,Red,3578.27
315,"Road-450 Red, 58",Road Bikes,Bikes,Road-450,884.71,Red,1457.99
316,"Road-450 Red, 60",Road Bikes,Bikes,Road-450,884.71,Red,1457.99
317,"Road-450 Red, 44",Road Bikes,Bikes,Road-450,884.71,Red,1457.99
318,"Road-450 Red, 48",Road Bikes,Bikes,Road-450,884.71,Red,1457.99
319,"Road-450 Red, 52",Road Bikes,Bikes,Road-450,884.71,Red,1457.99
320,"Road-650 Red, 58",Road Bikes,Bikes,Road-650,413.15,Red,699.10
321,"Road-650 Red, 58",Road Bikes,Bikes,Road-650,486.71,Red,782.99
322,"Road-650 Red, 60",Road Bikes,Bikes,Road-650,413.15,Red,699.10
323,"Road-650 Red, 60",Road Bikes,Bikes,Road-650,486.71,Red,782.99
324,"Road-650 Red, 62",Road Bikes,Bikes,Road-650,413.15,Red,699.10
325,"Road-650 Red, 62",Road Bikes,Bikes,Road-650,486.71,Red,782.99
326,"Road-650 Red, 44",Road Bikes,Bikes,Road-650,413.15,Red,699.10
327,"Road-650 Red, 44",Road Bikes,Bikes,Road-650,486.71,Red,782.99
328,"Road-650 Red, 48",Road Bikes,Bikes,Road-650,413.15,Red,699.10
329,"Road-650 Red, 48",Road Bikes,Bikes,Road-650,486.71,Red,782.99
330,"Road-650 Red, 52",Road Bikes,Bikes,Road-650,413.15,Red,699.10
331,"Road-650 Red, 52",Road Bikes,Bikes,Road-650,486.71,Red,782.99
332,"Road-650 Black, 58",Road Bikes,Bikes,Road-650,413.15,Black,699.10
333,"Road-650 Black, 58",Road Bikes,Bikes,Road-650,486.71,Black,782.99
334,"Road-650 Black, 60",Road Bikes,Bikes,Road-650,413.15,Black,699.10
335,"Road-650 Black, 60",Road Bikes,Bikes,Road-650,486.71,Black,782.99
336,"Road-650 Black, 62",Road Bikes,Bikes,Road-650,413.15,Black,699.10
337,"Road-650 Black, 62",Road Bikes,Bikes,Road-650,486.71,Black,782.99
338,"Road-650 Black, 44",Road Bikes,Bikes,Road-650,413.15,Black,699.10
339,"Road-650 Black, 44",Road Bikes,Bikes,Road-650,486.71,Black,782.99
340,"Road-650 Black, 48",Road Bikes,Bikes,Road-650,413.15,Black,699.10
341,"Road-650 Black, 48",Road Bikes,Bikes,Road-650,486.71,Black,782.99
342,"Road-650 Black, 52",Road Bikes,Bikes,Road-650,413.15,Black,699.10
343,"Road-650 Black, 52",Road Bikes,Bikes,Road-650,486.71,Black,782.99
344,"Mountain-100 Silver, 38",Mountain Bikes,Bikes,Mountain-100,1912.15,Silver,3399.99
345,"Mountain-100 Silver, 42",Mountain Bikes,Bikes,Mountain-100,1912.15,Silver,3399.99
346,"Mountain-100 Silver, 44",Mountain Bikes,Bikes,Mountain-100,1912.15,Silver,3399.99
347,"Mountain-100 Silver, 48",Mountain Bikes,Bikes,Mountain-100,1912.15,Silver,3399.99
348,"Mountain-100 Black, 38",Mountain Bikes,Bikes,Mountain-100,1898.09,Black,3374.99
349,"Mountain-100 Black, 42",Mountain Bikes,Bikes,Mountain-100,1898.09,Black,3374.99
350,"Mountain-100 Black, 44",Mountain Bikes,Bikes,Mountain-100,1898.09,Black,3374.99
351,"Mountain-100 Black, 48",Mountain Bikes,Bikes,Mountain-100,1898.09,Black,3374.99
352,"Mountain-200 Silver, 38",Mountain Bikes,Bikes,Mountain-200,1117.86,Silver,2071.42
353,"Mountain-200 Silver, 38",Mountain Bikes,Bikes,Mountain-200,1265.62,Silver,2319.99
354,"Mountain-200 Silver, 42",Mountain Bikes,Bikes,Mountain-200,1117.86,Silver,2071.42
355,"Mountain-200 Silver, 42",Mountain Bikes,Bikes,Mountain-200,1265.62,Silver,2319.99
356,"Mountain-200 Silver, 46",Mountain Bikes,Bikes,Mountain-200,1117.86,Silver,2071.42
357,"Mountain-200 Silver, 46",Mountain Bikes,Bikes,Mountain-200,1265.62,Silver,2319.99
358,"Mountain-200 Black, 38",Mountain Bikes,Bikes,Mountain-200,1105.81,Black,2049.10
359,"Mountain-200 Black, 38",Mountain Bikes,Bikes,Mountain-200,1251.98,Black,2294.99
360,"Mountain-200 Black, 42",Mountain Bikes,Bikes,Mountain-200,1105.81,Black,2049.10
361,"Mountain-200 Black, 42",Mountain Bikes,Bikes,Mountain-200,1251.98,Black,2294.99
362,"Mountain-200 Black, 46",Mountain Bikes,Bikes,Mountain-200,1105.81,Black,2049.10
363,"Mountain-200 Black, 46",Mountain Bikes,Bikes,Mountain-200,1251.98,Black,2294.99
364,"Mountain-300 Black, 38",Mountain Bikes,Bikes,Mountain-300,598.44,Black,1079.99
365,"Mountain-300 Black, 40",Mountain Bikes,Bikes,Mountain-300,598.44,Black,1079.99
366,"Mountain-300 Black, 44",Mountain Bikes,Bikes,Mountain-300,598.44,Black,1079.99
367,"Mountain-300 Black, 48",Mountain Bikes,Bikes,Mountain-300,598.44,Black,1079.99
368,"Road-250 Red, 44",Road Bikes,Bikes,Road-250,1518.79,Red,2443.35
369,"Road-250 Red, 48",Road Bikes,Bikes,Road-250,1518.79,Red,2443.35
370,"Road-250 Red, 52",Road Bikes,Bikes,Road-250,1518.79,Red,2443.35
371,"Road-250 Red, 58",Road Bikes,Bikes,Road-250,1320.68,Red,2181.56
372,"Road-250 Red, 58",Road Bikes,Bikes,Road-250,1554.95,Red,2443.35
373,"Road-250 Black, 44",Road Bikes,Bikes,Road-250,1320.68,Black,2181.56
374,"Road-250 Black, 44",Road Bikes,Bikes,Road-250,1554.95,Black,2443.35
375,"Road-250 Black, 48",Road Bikes,Bikes,Road-250,1320.68,Black,2181.56
376,"Road-250 Black, 48",Road Bikes,Bikes,Road-250,1554.95,Black,2443.35
377,"Road-250 Black, 52",Road Bikes,Bikes,Road-250,1320.68,Black,2181.56
378,"Road-250 Black, 52",Road Bikes,Bikes,Road-250,1554.95,Black,2443.35
379,"Road-250 Black, 58",Road Bikes,Bikes,Road-250,1320.68,Black,2181.56
380,"Road-250 Black, 58",Road Bikes,Bikes,Road-250,1554.95,Black,2443.35
381,"Road-550-W Yellow, 38",Road Bikes,Bikes,Road-550-W,605.65,Yellow,1000.44
382,"Road-550-W Yellow, 38",Road Bikes,Bikes,Road-550-W,713.08,Yellow,1120.49
383,"Road-550-W Yellow, 40",Road Bikes,Bikes,Road-550-W,605.65,Yellow,1000.44
384,"Road-550-W Yellow, 40",Road Bikes,Bikes,Road-550-W,713.08,Yellow,1120.49
385,"Road-550-W Yellow, 42",Road Bikes,Bikes,Road-550-W,605.65,Yellow,1000.44
386,"Road-550-W Yellow, 42",Road Bikes,Bikes,Road-550-W,713.08,Yellow,1120.49
387,"Road-550-W Yellow, 44",Road Bikes,Bikes,Road-550-W,605.65,Yellow,1000.44
388,"Road-550-W Yellow, 44",Road Bikes,Bikes,Road-550-W,713.08,Yellow,1120.49
389,"Road-550-W Yellow, 48",Road Bikes,Bikes,Road-550-W,605.65,Yellow,1000.44
390,"Road-550-W Yellow, 48",Road Bikes,Bikes,Road-550-W,713.08,Yellow,1120.49
391,LL Fork,Forks,Components,LL Fork,65.81,NA,148.22
392,ML Fork,Forks,Components,ML Fork,77.92,NA,175.49
393,HL Fork,Forks,Components,HL Fork,101.89,NA,229.49
394,LL Headset,Headsets,Components,LL Headset,15.18,NA,34.20
395,ML Headset,Headsets,Components,ML Headset,45.42,NA,102.29
396,HL Headset,Headsets,Components,HL Headset,55.38,NA,124.73
397,LL Mountain Handlebars,Handlebars,Components,LL Mountain Handlebars,17.98,NA,40.49
398,LL Mountain Handlebars,Handlebars,Components,LL Mountain Handlebars,19.78,NA,44.54
399,ML Mountain Handlebars,Handlebars,Components,ML Mountain Handlebars,24.99,NA,56.29
400,ML Mountain Handlebars,Handlebars,Components,ML Mountain Handlebars,27.49,NA,61.92
401,HL Mountain Handlebars,Handlebars,Components,HL Mountain Handlebars,48.55,NA,109.34
402,HL Mountain Handlebars,Handlebars,Components,HL Mountain Handlebars,53.40,NA,120.27
403,LL Road Handlebars,Handlebars,Components,LL Road Handlebars,17.98,NA,40.49
404,LL Road Handlebars,Handlebars,Components,LL Road Handlebars,19.78,NA,44.54
405,ML Road Handlebars,Handlebars,Components,ML Road Handlebars,24.99,NA,56.29
406,ML Road Handlebars,Handlebars,Components,ML Road Handlebars,27.49,NA,61.92
407,HL Road Handlebars,Handlebars,Components,HL Road Handlebars,48.55,NA,109.34
408,HL Road Handlebars,Handlebars,Components,HL Road Handlebars,53.40,NA,120.27
409,"ML Mountain Frame - Black, 38",Mountain Frames,Components,ML Mountain Frame-W,185.82,Black,348.76
410,LL Mountain Front Wheel,Wheels,Components,LL Mountain Front Wheel,26.97,Black,60.75
411,ML Mountain Front Wheel,Wheels,Components,ML Mountain Front Wheel,92.81,Black,209.03
412,HL Mountain Front Wheel,Wheels,Components,HL Mountain Front Wheel,133.30,Black,300.22
413,LL Road Front Wheel,Wheels,Components,LL Road Front Wheel,37.99,Black,85.57
414,ML Road Front Wheel,Wheels,Components,ML Road Front Wheel,110.28,Black,248.39
415,HL Road Front Wheel,Wheels,Components,HL Road Front Wheel,146.55,Black,330.06
416,Touring Front Wheel,Wheels,Components,Touring Front Wheel,96.80,Black,218.01
417,"ML Road Frame-W - Yellow, 38",Road Frames,Components,ML Road Frame-W,300.12,Yellow,540.75
418,"ML Road Frame-W - Yellow, 38",Road Frames,Components,ML Road Frame-W,360.94,Yellow,594.83
419,LL Mountain Rear Wheel,Wheels,Components,LL Mountain Rear Wheel,38.96,Black,87.75
420,ML Mountain Rear Wheel,Wheels,Components,ML Mountain Rear Wheel,104.80,Black,236.03
421,HL Mountain Rear Wheel,Wheels,Components,HL Mountain Rear Wheel,145.28,Black,327.22
422,LL Road Rear Wheel,Wheels,Components,LL Road Rear Wheel,49.98,Black,112.57
423,ML Road Rear Wheel,Wheels,Components,ML Road Rear Wheel,122.27,Black,275.39
424,HL Road Rear Wheel,Wheels,Components,HL Road Rear Wheel,158.53,Black,357.06
425,Touring Rear Wheel,Wheels,Components,Touring Rear Wheel,108.78,Black,245.01
426,"ML Mountain Frame - Black, 40",Mountain Frames,Components,ML Mountain Frame,185.82,Black,348.76
427,"ML Mountain Frame - Black, 44",Mountain Frames,Components,ML Mountain Frame,185.82,Black,348.76
428,"ML Mountain Frame - Black, 48",Mountain Frames,Components,ML Mountain Frame,185.82,Black,348.76
429,"ML Road Frame-W - Yellow, 40",Road Frames,Components,ML Road Frame-W,300.12,Yellow,540.75
430,"ML Road Frame-W - Yellow, 40",Road Frames,Components,ML Road Frame-W,360.94,Yellow,594.83
431,"ML Road Frame-W - Yellow, 42",Road Frames,Components,ML Road Frame-W,300.12,Yellow,540.75
432,"ML Road Frame-W - Yellow, 42",Road Frames,Components,ML Road Frame-W,360.94,Yellow,594.83
433,"ML Road Frame-W - Yellow, 44",Road Frames,Components,ML Road Frame-W,300.12,Yellow,540.75
434,"ML Road Frame-W - Yellow, 44",Road Frames,Components,ML Road Frame-W,360.94,Yellow,594.83
435,"ML Road Frame-W - Yellow, 48",Road Frames,Components,ML Road Frame-W,300.12,Yellow,540.75
436,"ML Road Frame-W - Yellow, 48",Road Frames,Components,ML Road Frame-W,360.94,Yellow,594.83
437,"HL Road Frame - Black, 62",Road Frames,Components,HL Road Frame,722.26,Black,1301.36
438,"HL Road Frame - Black, 62",Road Frames,Components,HL Road Frame,868.63,Black,1431.50
439,"HL Road Frame - Black, 44",Road Frames,Components,HL Road Frame,868.63,Black,1301.36
440,"HL Road Frame - Black, 44",Road Frames,Components,HL Road Frame,868.63,Black,1431.50
441,"HL Road Frame - Black, 48",Road Frames,Components,HL Road Frame,722.26,Black,1301.36
442,"HL Road Frame - Black, 48",Road Frames,Components,HL Road Frame,868.63,Black,1431.50
443,"HL Road Frame - Black, 52",Road Frames,Components,HL Road Frame,722.26,Black,1301.36
444,"HL Road Frame - Black, 52",Road Frames,Components,HL Road Frame,868.63,Black,1431.50
445,"Men's Sports Shorts, S",Shorts,Clothing,Men's Sports Shorts,24.75,Black,59.99
446,"Touring-Panniers, Large",Panniers,Accessories,Touring-Panniers,51.56,Grey,125.00
447,Cable Lock,Locks,Accessories,Cable Lock,10.31,NA,25.00
448,Minipump,Pumps,Accessories,Minipump,8.25,NA,19.99
449,Mountain Pump,Pumps,Accessories,Mountain Pump,10.31,NA,24.99
450,Taillights - Battery-Powered,Lights,Accessories,Taillight,5.77,NA,13.99
451,Headlights - Dual-Beam,Lights,Accessories,Headlights - Dual-Beam,14.43,NA,34.99
452,Headlights - Weatherproof,Lights,Accessories,Headlights - Weatherproof,18.56,NA,44.99
453,"Men's Sports Shorts, M",Shorts,Clothing,Men's Sports Shorts,24.75,Black,59.99
454,"Men's Sports Shorts, L",Shorts,Clothing,Men's Sports Shorts,24.75,Black,59.99
455,"Men's Sports Shorts, XL",Shorts,Clothing,Men's Sports Shorts,24.75,Black,59.99
456,"Women's Tights, S",Tights,Clothing,Women's Tights,30.93,Black,74.99
457,"Women's Tights, M",Tights,Clothing,Women's Tights,30.93,Black,74.99
458,"Women's Tights, L",Tights,Clothing,Women's Tights,30.93,Black,74.99
459,"Men's Bib-Shorts, S",Bib-Shorts,Clothing,Men's Bib-Shorts,37.12,Multi,89.99
460,"Men's Bib-Shorts, M",Bib-Shorts,Clothing,Men's Bib-Shorts,37.12,Multi,89.99
461,"Men's Bib-Shorts, L",Bib-Shorts,Clothing,Men's Bib-Shorts,37.12,Multi,89.99
462,"Half-Finger Gloves, S",Gloves,Clothing,Half-Finger Gloves,9.71,Black,23.55
463,"Half-Finger Gloves, S",Gloves,Clothing,Half-Finger Gloves,9.16,Black,24.49
464,"Half-Finger Gloves, M",Gloves,Clothing,Half-Finger Gloves,9.71,Black,23.55
465,"Half-Finger Gloves, M",Gloves,Clothing,Half-Finger Gloves,9.16,Black,24.49
466,"Half-Finger Gloves, L",Gloves,Clothing,Half-Finger Gloves,9.71,Black,23.55
467,"Half-Finger Gloves, L",Gloves,Clothing,Half-Finger Gloves,9.16,Black,24.49
468,"Full-Finger Gloves, S",Gloves,Clothing,Full-Finger Gloves,15.67,Black,37.99
469,"Full-Finger Gloves, M",Gloves,Clothing,Full-Finger Gloves,15.67,Black,37.99
470,"Full-Finger Gloves, L",Gloves,Clothing,Full-Finger Gloves,15.67,Black,37.99
471,"Classic Vest, S",Vests,Clothing,Classic Vest,23.75,Blue,63.50
472,"Classic Vest, M",Vests,Clothing,Classic Vest,23.75,Blue,63.50
473,"Classic Vest, L",Vests,Clothing,Classic Vest,23.75,Blue,63.50
474,"Women's Mountain Shorts, S",Shorts,Clothing,Women's Mountain Shorts,26.18,Black,69.99
475,"Women's Mountain Shorts, M",Shorts,Clothing,Women's Mountain Shorts,26.18,Black,69.99
476,"Women's Mountain Shorts, L",Shorts,Clothing,Women's Mountain Shorts,26.18,Black,69.99
477,Water Bottle - 30 oz.,Bottles and Cages,Accessories,Water Bottle,1.87,NA,4.99
478,Mountain Bottle Cage,Bottles and Cages,Accessories,Mountain Bottle Cage,3.74,NA,9.99
479,Road Bottle Cage,Bottles and Cages,Accessories,Road Bottle Cage,3.36,NA,8.99
480,Patch Kit/8 Patches,Tires and Tubes,Accessories,Patch kit,0.86,NA,2.29
481,"Racing Socks, M",Socks,Clothing,Racing Socks,3.36,White,8.99
482,"Racing Socks, L",Socks,Clothing,Racing Socks,3.36,White,8.99
483,Hitch Rack - 4-Bike,Bike Racks,Accessories,Hitch Rack - 4-Bike,44.88,NA,120.00
484,Bike Wash - Dissolver,Cleaners,Accessories,Bike Wash,2.97,NA,7.95
485,Fender Set - Mountain,Fenders,Accessories,Fender Set - Mountain,8.22,NA,21.98
486,All-Purpose Bike Stand,Bike Stands,Accessories,All-Purpose Bike Stand,59.47,NA,159.00
487,Hydration Pack - 70 oz.,Hydration Packs,Accessories,Hydration Pack,20.57,Silver,54.99
488,"Short-Sleeve Classic Jersey, S",Jerseys,Clothing,Short-Sleeve Classic Jersey,41.57,Yellow,53.99
489,"Short-Sleeve Classic Jersey, M",Jerseys,Clothing,Short-Sleeve Classic Jersey,41.57,Yellow,53.99
490,"Short-Sleeve Classic Jersey, L",Jerseys,Clothing,Short-Sleeve Classic Jersey,41.57,Yellow,53.99
491,"Short-Sleeve Classic Jersey, XL",Jerseys,Clothing,Short-Sleeve Classic Jersey,41.57,Yellow,53.99
492,"HL Touring Frame - Yellow, 60",Touring Frames,Components,HL Touring Frame,601.74,Yellow,1003.91
493,"LL Touring Frame - Yellow, 62",Touring Frames,Components,LL Touring Frame,199.85,Yellow,333.42
494,"HL Touring Frame - Yellow, 46",Touring Frames,Components,HL Touring Frame,601.74,Yellow,1003.91
495,"HL Touring Frame - Yellow, 50",Touring Frames,Components,HL Touring Frame,601.74,Yellow,1003.91
496,"HL Touring Frame - Yellow, 54",Touring Frames,Components,HL Touring Frame,601.74,Yellow,1003.91
497,"HL Touring Frame - Blue, 46",Touring Frames,Components,HL Touring Frame,601.74,Blue,1003.91
498,"HL Touring Frame - Blue, 50",Touring Frames,Components,HL Touring Frame,601.74,Blue,1003.91
499,"HL Touring Frame - Blue, 54",Touring Frames,Components,HL Touring Frame,601.74,Blue,1003.91
500,"HL Touring Frame - Blue, 60",Touring Frames,Components,HL Touring Frame,601.74,Blue,1003.91
501,Rear Derailleur,Derailleurs,Components,Rear Derailleur,53.93,Silver,121.46
502,"LL Touring Frame - Blue, 50",Touring Frames,Components,LL Touring Frame,199.85,Blue,333.42
503,"LL Touring Frame - Blue, 54",Touring Frames,Components,LL Touring Frame,199.85,Blue,333.42
504,"LL Touring Frame - Blue, 58",Touring Frames,Components,LL Touring Frame,199.85,Blue,333.42
505,"LL Touring Frame - Blue, 62",Touring Frames,Components,LL Touring Frame,199.85,Blue,333.42
506,"LL Touring Frame - Yellow, 44",Touring Frames,Components,LL Touring Frame,199.85,Yellow,333.42
507,"LL Touring Frame - Yellow, 50",Touring Frames,Components,LL Touring Frame,199.85,Yellow,333.42
508,"LL Touring Frame - Yellow, 54",Touring Frames,Components,LL Touring Frame,199.85,Yellow,333.42
509,"LL Touring Frame - Yellow, 58",Touring Frames,Components,LL Touring Frame,199.85,Yellow,333.42
510,"LL Touring Frame - Blue, 44",Touring Frames,Components,LL Touring Frame,199.85,Blue,333.42
511,"ML Mountain Frame-W - Silver, 40",Mountain Frames,Components,ML Mountain Frame-W,199.38,Silver,364.09
512,"ML Mountain Frame-W - Silver, 42",Mountain Frames,Components,ML Mountain Frame-W,199.38,Silver,364.09
513,"ML Mountain Frame-W - Silver, 46",Mountain Frames,Components,ML Mountain Frame-W,199.38,Silver,364.09
514,Rear Brakes,Brakes,Components,Rear Brakes,47.29,Silver,106.50
515,LL Mountain Seat/Saddle,Saddles,Components,LL Mountain Seat/Saddle 2,12.04,NA,27.12
516,ML Mountain Seat/Saddle,Saddles,Components,ML Mountain Seat/Saddle 2,17.38,NA,39.14
517,HL Mountain Seat/Saddle,Saddles,Components,HL Mountain Seat/Saddle 2,23.37,NA,52.64
518,LL Road Seat/Saddle,Saddles,Components,LL Road Seat/Saddle 1,12.04,NA,27.12
519,ML Road Seat/Saddle,Saddles,Components,ML Road Seat/Saddle 2,17.38,NA,39.14
520,HL Road Seat/Saddle,Saddles,Components,HL Road Seat/Saddle 2,23.37,NA,52.64
521,LL Touring Seat/Saddle,Saddles,Components,LL Touring Seat/Saddle,12.04,NA,27.12
522,ML Touring Seat/Saddle,Saddles,Components,ML Touring Seat/Saddle,17.38,NA,39.14
523,HL Touring Seat/Saddle,Saddles,Components,HL Touring Seat/Saddle,23.37,NA,52.64
524,"LL Mountain Frame - Silver, 42",Mountain Frames,Components,LL Mountain Frame,144.59,Silver,264.05
525,"LL Mountain Frame - Silver, 44",Mountain Frames,Components,LL Mountain Frame,144.59,Silver,264.05
526,"LL Mountain Frame - Silver, 48",Mountain Frames,Components,LL Mountain Frame,144.59,Silver,264.05
527,"LL Mountain Frame - Silver, 52",Mountain Frames,Components,LL Mountain Frame,144.59,Silver,264.05
528,Mountain Tire Tube,Tires and Tubes,Accessories,Mountain Tire Tube,1.87,NA,4.99
529,Road Tire Tube,Tires and Tubes,Accessories,Road Tire Tube,1.49,NA,3.99
530,Touring Tire Tube,Tires and Tubes,Accessories,Touring Tire Tube,1.87,NA,4.99
531,"LL Mountain Frame - Black, 42",Mountain Frames,Components,LL Mountain Frame,136.79,Black,249.79
532,"LL Mountain Frame - Black, 44",Mountain Frames,Components,LL Mountain Frame,136.79,Black,249.79
533,"LL Mountain Frame - Black, 48",Mountain Frames,Components,LL Mountain Frame,136.79,Black,249.79
534,"LL Mountain Frame - Black, 52",Mountain Frames,Components,LL Mountain Frame,136.79,Black,249.79
535,LL Mountain Tire,Tires and Tubes,Accessories,LL Mountain Tire,9.35,NA,24.99
536,ML Mountain Tire,Tires and Tubes,Accessories,ML Mountain Tire,11.22,NA,29.99
537,HL Mountain Tire,Tires and Tubes,Accessories,HL Mountain Tire,13.09,NA,35.00
538,LL Road Tire,Tires and Tubes,Accessories,LL Road Tire,8.04,NA,21.49
539,ML Road Tire,Tires and Tubes,Accessories,ML Road Tire,9.35,NA,24.99
540,HL Road Tire,Tires and Tubes,Accessories,HL Road Tire,12.19,NA,32.60
541,Touring Tire,Tires and Tubes,Accessories,Touring Tire,10.84,NA,28.99
542,LL Mountain Pedal,Pedals,Components,LL Mountain Pedal,17.98,Silver/Black,40.49
543,ML Mountain Pedal,Pedals,Components,ML Mountain Pedal,27.57,Silver/Black,62.09
544,HL Mountain Pedal,Pedals,Components,HL Mountain Pedal,35.96,Silver/Black,80.99
545,LL Road Pedal,Pedals,Components,LL Road Pedal,17.98,Silver/Black,40.49
546,ML Road Pedal,Pedals,Components,ML Road Pedal,27.57,Silver/Black,62.09
547,HL Road Pedal,Pedals,Components,HL Road Pedal,35.96,Silver/Black,80.99
548,Touring Pedal,Pedals,Components,Touring Pedal,35.96,Silver/Black,80.99
549,"ML Mountain Frame-W - Silver, 38",Mountain Frames,Components,ML Mountain Frame-W,199.38,Silver,364.09
550,"LL Mountain Frame - Black, 40",Mountain Frames,Components,LL Mountain Frame,136.79,Black,249.79
551,"LL Mountain Frame - Silver, 40",Mountain Frames,Components,LL Mountain Frame,144.59,Silver,264.05
552,Front Derailleur,Derailleurs,Components,Front Derailleur,40.62,Silver,91.49
553,LL Touring Handlebars,Handlebars,Components,LL Touring Handlebars,20.46,NA,46.09
554,HL Touring Handlebars,Handlebars,Components,HL Touring Handlebars,40.66,NA,91.57
555,Front Brakes,Brakes,Components,Front Brakes,47.29,Silver,106.50
556,LL Crankset,Cranksets,Components,LL Crankset,77.92,Black,175.49
557,ML Crankset,Cranksets,Components,ML Crankset,113.88,Black,256.49
558,HL Crankset,Cranksets,Components,HL Crankset,179.82,Black,404.99
559,Chain,Chains,Components,Chain,8.99,Silver,20.24
560,"Touring-2000 Blue, 60",Touring Bikes,Bikes,Touring-2000,755.15,Blue,1214.85
561,"Touring-1000 Yellow, 46",Touring Bikes,Bikes,Touring-1000,1481.94,Yellow,2384.07
562,"Touring-1000 Yellow, 50",Touring Bikes,Bikes,Touring-1000,1481.94,Yellow,2384.07
563,"Touring-1000 Yellow, 54",Touring Bikes,Bikes,Touring-1000,1481.94,Yellow,2384.07
564,"Touring-1000 Yellow, 60",Touring Bikes,Bikes,Touring-1000,1481.94,Yellow,2384.07
565,"Touring-3000 Blue, 54",Touring Bikes,Bikes,Touring-3000,461.44,Blue,742.35
566,"Touring-3000 Blue, 58",Touring Bikes,Bikes,Touring-3000,461.44,Blue,742.35
567,"Touring-3000 Blue, 62",Touring Bikes,Bikes,Touring-3000,461.44,Blue,742.35
568,"Touring-3000 Yellow, 44",Touring Bikes,Bikes,Touring-3000,461.44,Yellow,742.35
569,"Touring-3000 Yellow, 50",Touring Bikes,Bikes,Touring-3000,461.44,Yellow,742.35
570,"Touring-3000 Yellow, 54",Touring Bikes,Bikes,Touring-3000,461.44,Yellow,742.35
571,"Touring-3000 Yellow, 58",Touring Bikes,Bikes,Touring-3000,461.44,Yellow,742.35
572,"Touring-3000 Yellow, 62",Touring Bikes,Bikes,Touring-3000,461.44,Yellow,742.35
573,"Touring-1000 Blue, 46",Touring Bikes,Bikes,Touring-1000,1481.94,Blue,2384.07
574,"Touring-1000 Blue, 50",Touring Bikes,Bikes,Touring-1000,1481.94,Blue,2384.07
575,"Touring-1000 Blue, 54",Touring Bikes,Bikes,Touring-1000,1481.94,Blue,2384.07
576,"Touring-1000 Blue, 60",Touring Bikes,Bikes,Touring-1000,1481.94,Blue,2384.07
577,"Touring-2000 Blue, 46",Touring Bikes,Bikes,Touring-2000,755.15,Blue,1214.85
578,"Touring-2000 Blue, 50",Touring Bikes,Bikes,Touring-2000,755.15,Blue,1214.85
579,"Touring-2000 Blue, 54",Touring Bikes,Bikes,Touring-2000,755.15,Blue,1214.85
580,"Road-350-W Yellow, 40",Road Bikes,Bikes,Road-350-W,1082.51,Yellow,1700.99
581,"Road-350-W Yellow, 42",Road Bikes,Bikes,Road-350-W,1082.51,Yellow,1700.99
582,"Road-350-W Yellow, 44",Road Bikes,Bikes,Road-350-W,1082.51,Yellow,1700.99
583,"Road-350-W Yellow, 48",Road Bikes,Bikes,Road-350-W,1082.51,Yellow,1700.99
584,"Road-750 Black, 58",Road Bikes,Bikes,Road-750,343.65,Black,539.99
585,"Touring-3000 Blue, 44",Touring Bikes,Bikes,Touring-3000,461.44,Blue,742.35
586,"Touring-3000 Blue, 50",Touring Bikes,Bikes,Touring-3000,461.44,Blue,742.35
587,"Mountain-400-W Silver, 38",Mountain Bikes,Bikes,Mountain-400-W,419.78,Silver,769.49
588,"Mountain-400-W Silver, 40",Mountain Bikes,Bikes,Mountain-400-W,419.78,Silver,769.49
589,"Mountain-400-W Silver, 42",Mountain Bikes,Bikes,Mountain-400-W,419.78,Silver,769.49
590,"Mountain-400-W Silver, 46",Mountain Bikes,Bikes,Mountain-400-W,419.78,Silver,769.49
591,"Mountain-500 Silver, 40",Mountain Bikes,Bikes,Mountain-500,308.22,Silver,564.99
592,"Mountain-500 Silver, 42",Mountain Bikes,Bikes,Mountain-500,308.22,Silver,564.99
593,"Mountain-500 Silver, 44",Mountain Bikes,Bikes,Mountain-500,308.22,Silver,564.99
594,"Mountain-500 Silver, 48",Mountain Bikes,Bikes,Mountain-500,308.22,Silver,564.99
595,"Mountain-500 Silver, 52",Mountain Bikes,Bikes,Mountain-500,308.22,Silver,564.99
596,"Mountain-500 Black, 40",Mountain Bikes,Bikes,Mountain-500,294.58,Black,539.99
597,"Mountain-500 Black, 42",Mountain Bikes,Bikes,Mountain-500,294.58,Black,539.99
598,"Mountain-500 Black, 44",Mountain Bikes,Bikes,Mountain-500,294.58,Black,539.99
599,"Mountain-500 Black, 48",Mountain Bikes,Bikes,Mountain-500,294.58,Black,539.99
600,"Mountain-500 Black, 52",Mountain Bikes,Bikes,Mountain-500,294.58,Black,539.99
601,LL Bottom Bracket,Bottom Brackets,Components,LL Bottom Bracket,23.97,NA,53.99
602,ML Bottom Bracket,Bottom Brackets,Components,ML Bottom Bracket,44.95,NA,101.24
603,HL Bottom Bracket,Bottom Brackets,Components,HL Bottom Bracket,53.94,NA,121.49
604,"Road-750 Black, 44",Road Bikes,Bikes,Road-750,343.65,Black,539.99
605,"Road-750 Black, 48",Road Bikes,Bikes,Road-750,343.65,Black,539.99
606,"Road-750 Black, 52",Road Bikes,Bikes,Road-750,343.65,Black,539.99
